{
	"version": 1,
	"changelists": [
		{
			"guid": "00000000000000000000000000000000",
			"description": "Default Uncontrolled Changelist",
			"files": [
				"C:/Users/byoon/Downloads/InfiniteMatrixStarterProject/InfiniteMatrixStarter/Content/InfiniteMatrix/Blueprints/BP_TunnelSpawner.uasset",
				"C:/Users/byoon/Downloads/InfiniteMatrixStarterProject/InfiniteMatrixStarter/Content/InfiniteMatrix/Blueprints/BP_Player.uasset",
				"C:/Users/byoon/Downloads/InfiniteMatrixStarterProject/InfiniteMatrixStarter/Content/InfiniteMatrix/Blueprints/BP_Tunnel.uasset",
				"C:/Users/byoon/Downloads/InfiniteMatrixStarterProject/InfiniteMatrixStarter/Content/InfiniteMatrix/UI/WBP_Restart.uasset",
				"C:/Users/byoon/Downloads/InfiniteMatrixStarterProject/InfiniteMatrixStarter/Content/InfiniteMatrix/Maps/TutorialMap.umap",
				"C:/Users/byoon/Downloads/InfiniteMatrixStarterProject/InfiniteMatrixStarter/Content/InfiniteMatrix/Blueprints/WB_HealthBar.uasset",
				"C:/Users/byoon/Downloads/InfiniteMatrixStarterProject/InfiniteMatrixStarter/Content/InfiniteMatrix/Blueprints/WB_Score.uasset",
				"C:/Users/byoon/Downloads/InfiniteMatrixStarterProject/InfiniteMatrixStarter/Content/InfiniteMatrix/Blueprints/BP_HealthPack.uasset",
				"C:/Program Files/Epic Games/UE_5.4/Engine/Content/BasicShapes/BasicShapeMaterial.uasset",
				"C:/Program Files/Epic Games/UE_5.4/Engine/Content/BasicShapes/Cube.uasset",
				"C:/Users/byoon/Downloads/InfiniteMatrixStarterProject/InfiniteMatrixStarter/Content/InfiniteMatrix/Blueprints/BP_Projectile.uasset",
				"C:/Users/byoon/Downloads/InfiniteMatrixStarterProject/InfiniteMatrixStarter/Content/InfiniteMatrix/Materials/M_Projectile.uasset",
				"C:/Program Files/Epic Games/UE_5.4/Engine/Content/BasicShapes/Sphere.uasset",
				"C:/Users/byoon/Downloads/InfiniteMatrixStarterProject/InfiniteMatrixStarter/Content/InfiniteMatrix/Textures/skeleton_Sprite.uasset",
				"C:/Users/byoon/Downloads/InfiniteMatrixStarterProject/InfiniteMatrixStarter/Content/InfiniteMatrix/Blueprints/BP_Enemy.uasset",
				"C:/Users/byoon/Downloads/InfiniteMatrixStarterProject/InfiniteMatrixStarter/Content/InfiniteMatrix/Textures/skeleton.uasset",
				"C:/Users/byoon/Downloads/InfiniteMatrixStarterProject/InfiniteMatrixStarter/Content/InfiniteMatrix/Blueprints/C_Health.uasset",
				"C:/Users/byoon/Downloads/InfiniteMatrixStarterProject/InfiniteMatrixStarter/Content/InfiniteMatrix/Blueprints/BPFL_Health.uasset",
				"C:/Users/byoon/Downloads/InfiniteMatrixStarterProject/InfiniteMatrixStarter/Content/InfiniteMatrix/Textures/Background_Static.uasset",
				"C:/Users/byoon/Downloads/InfiniteMatrixStarterProject/InfiniteMatrixStarter/Content/InfiniteMatrix/Textures/Background_Bar.uasset",
				"C:/Users/byoon/Downloads/InfiniteMatrixStarterProject/InfiniteMatrixStarter/Content/InfiniteMatrix/Textures/Foreground.uasset",
				"C:/Users/byoon/Downloads/InfiniteMatrixStarterProject/InfiniteMatrixStarter/Content/InfiniteMatrix/Blueprints/BPFO_Health.uasset",
				"C:/Users/byoon/Downloads/InfiniteMatrixStarterProject/InfiniteMatrixStarter/Content/InfiniteMatrix/Blueprints/WB_Helath.uasset"
			]
		}
	]
}